# Gene set generated on 2022-09-20T13:31:02 using cellxgene version 1.1.0,,,
# Input data file was BloodGlyco.h5ad, which was last modified on 2022-09-16T10:10:25,,
gene_set_name,gene_set_description,gene_symbol,gene_description
6sulfosLex_synth,,CHST6,
6sulfosLex_synth,,CHST2,
6sulfosLex_synth,,CHST5,
I_Branch_synth,,GCNT3,
I_Branch_synth,,GCNT2,
diLacNAc_synth,,B3GALNT2,
diLacNAc_synth,,B4GALNT3,
diLacNAc_synth,,B4GALNT4,
diLacNAc_synth,,CHST9,
diLacNAc_synth,,CHST8,
Ofuc_POFUT1_synth,,LFNG,
Ofuc_POFUT1_synth,,RFNG,
Ofuc_POFUT1_synth,,POFUT1,
Ofuc_POFUT1_synth,,B4GALT1,
Ofuc_POFUT1_synth,,MFNG,
Ofuc_POFUT2_synth,,POFUT2,
Ofuc_POFUT2_synth,,B3GLCT,
Oman_POMGNT1_synth,,MGAT5B,
Oman_POMGNT1_synth,,POMGNT1,
Oman_POMGNT1_synth,,POMT2,
Oman_POMGNT1_synth,,POMT1,
Oman_POMGNT2_synth,,POMT1,
Oman_POMGNT2_synth,,POMT2,
Oman_POMGNT2_synth,,FKTN,
Oman_POMGNT2_synth,,POMK,
Oman_POMGNT2_synth,,RXYLT1,
Oman_POMGNT2_synth,,LARGE2,
Oman_POMGNT2_synth,,B4GAT1,
Oman_POMGNT2_synth,,LARGE1,
Oman_POMGNT2_synth,,B3GALNT2,
Oman_POMGNT2_synth,,FKRP,
Oman_POMGNT2_synth,,POMGNT2,
Oman_POMT_synth,,POMT1,
Oman_POMT_synth,,POMGNT2,
Oman_POMT_synth,,POMK,
Oman_POMT_synth,,MGAT5B,
Oman_POMT_synth,,POMT2,
Oman_POMT_synth,,FKTN,
Oman_POMT_synth,,POMGNT1,
Oman_POMT_synth,,B3GALNT2,
Oman_POMT_synth,,FKRP,
Oman_POMT_synth,,LARGE1,
Oman_POMT_synth,,RXYLT1,
Oman_POMT_synth,,B4GAT1,
Oman_POMT_synth,,LARGE2,
Sda_synth,,B4GALNT2,
Oman_TMTC_synth,,TMTC1,
Oman_TMTC_synth,,TMTC3,
Oman_TMTC_synth,,TMTC2,
Oman_TMTC_synth,,TMTC4,
ABO_synth,,FUT1,
ABO_synth,,ABO,
ABO_synth,,FUT2,
cMan_synth,,DPY19L2,
cMan_synth,,DPY19L4,
cMan_synth,,DPY19L1,
cMan_synth,,DPY19L3,
CSDS_core_synth,,CSGALNACT2,
CSDS_core_synth,,B4GALT7,
CSDS_core_synth,,XYLT1,
CSDS_core_synth,,CSGALNACT1,
CSDS_core_synth,,B3GAT3,
CSDS_core_synth,,FAM20B,
CSDS_core_synth,,XYLT2,
CSDS_core_synth,,B3GALT6,
CSDS_poly_synth,,CSGALNACT2,
CSDS_poly_synth,,CHSY1,
CSDS_poly_synth,,DSE,
CSDS_poly_synth,,CHSY3,
CSDS_poly_synth,,CHPF2,
CSDS_poly_synth,,DSEL,
CSDS_poly_synth,,CSGALNACT1,
CSDS_poly_synth,,CHPF,
CSDS_sulf_synth,,CHST15,
CSDS_sulf_synth,,UST,
CSDS_sulf_synth,,CHST7,
CSDS_sulf_synth,,CHST14,
CSDS_sulf_synth,,CHST12,
CSDS_sulf_synth,,CHST3,
CSDS_sulf_synth,,CHST13,
CSDS_sulf_synth,,CHST11,
CS_degrad,,ARSB,
CS_degrad,,HEXA,
CS_degrad,,GUSB,
CS_degrad,,ARSK,
CS_degrad,,GALNS,
CS_degrad,,HEXB,
collagen_degrad,,PGGHG,
collagen_synth,,PLOD2,
collagen_synth,,PLOD3,
collagen_synth,,COLGALT2,
collagen_synth,,PLOD1,
collagen_synth,,COLGALT1,
core1_synth,,C1GALT1,
core1_synth,,C1GALT1C1,
core1_synth,,B3GNT3,
core2_synth,,C1GALT1,
core2_synth,,C1GALT1C1,
core2_synth,,A4GNT,
core2_synth,,GCNT1,
core2_synth,,GCNT3,
core2_synth,,GCNT4,
core3_synth,,B3GALT5,
core3_synth,,B3GNT6,
core4_synth,,GCNT3,
CMPSia_synth,,CMAS,
CMPSia_synth,,GNE,
CMPSia_synth,,RENBP,
cyto_degrad,,NEU2,
cyto_degrad,,ENGASE,
cyto_degrad,,MAN2C1,
DS_degrad,,GUSB,
DS_degrad,,IDUA,
DS_degrad,,ARSK,
DS_degrad,,IDS,
DS_degrad,,HEXB,
DS_degrad,,GALNS,
DS_degrad,,ARSB,
DS_degrad,,HEXA,
dolichol_synth,,ALG1L2,
dolichol_synth,,ALG12,
dolichol_synth,,ALG13,
dolichol_synth,,RPN2,
dolichol_synth,,ALG14,
dolichol_synth,,DPM1,
dolichol_synth,,DPM2,
dolichol_synth,,ALG10,
dolichol_synth,,DDOST,
dolichol_synth,,DAD1,
dolichol_synth,,ALG8,
dolichol_synth,,ALG10B,
dolichol_synth,,ALG9,
dolichol_synth,,DPM3,
dolichol_synth,,ALG1L,
dolichol_synth,,DPAGT1,
dolichol_synth,,ALG5,
dolichol_synth,,ALG6,
dolichol_synth,,ALG2,
dolichol_synth,,ALG1,
dolichol_synth,,RPN1,
dolichol_synth,,STT3A,
dolichol_synth,,ALG11,
dolichol_synth,,STT3B,
dolichol_synth,,ALG3,
extracell_degrad,,HPSE,
extracell_degrad,,HYAL3,
extracell_degrad,,HYAL4,
extracell_degrad,,SULF1,
extracell_degrad,,SULF2,
extracell_degrad,,SPAM1,
extracell_degrad,,CEMIP2,
extracell_degrad,,HYAL2,
GalCer_synth,,UGT8,
ganglio_core_synth,,UGCG,
ganglio_core_synth,,B4GALNT1,
ganglio_core_synth,,B4GALT6,
ganglio_core_synth,,B3GALT4,
globo_core_synth,,UGCG,
globo_core_synth,,B4GALT6,
globo_core_synth,,B3GALNT1,
globo_core_synth,,A4GALT,
glc_transp,,SLC2A2,
glc_transp,,SLC2A1,
glc_transp,,SLC2A3,
glc_transp,,SLC2A4,
glc_transp,,SLC2A12,
glc_transp,,SLC2A8,
glc_transp,,SLC2A5,
glc_transp,,SLC2A10,
GlcCer_core_synth,,B3GALNT1,
GlcCer_core_synth,,B4GALT6,
GlcCer_core_synth,,UGCG,
GlcCer_core_synth,,B3GALT4,
GlcCer_core_synth,,A4GALT,
GlcCer_core_synth,,B4GALNT1,
GlcCer_core_synth,,B3GALT5,
GlcCer_core_synth,,B3GNT5,
all_regulators,,GNPTG,
all_regulators,,GNPTAB,
all_regulators,,NAGPA,
all_regulators,,HYOU1,
all_regulators,,SEL1L,
all_regulators,,OS9,
all_regulators,,DNAJC10,
all_regulators,,HSPA5,
all_regulators,,LMAN2,
all_regulators,,DNAJB11,
all_regulators,,CANX,
all_regulators,,IGF2R,
all_regulators,,M6PR,
all_regulators,,ERLEC1,
all_regulators,,CALR,
all_regulators,,HSP90B1,
all_synth,,MAN2A2,
all_synth,,XXYLT1,
all_synth,,B4GALT3,
all_synth,,EXT2,
all_synth,,MAN1A2,
all_synth,,GALNT8,
all_synth,,ALG10B,
all_synth,,GCNT2,
all_synth,,DDOST,
all_synth,,SIAE,
all_synth,,B4GALT6,
all_synth,,DAD1,
all_synth,,B3GAT3,
all_synth,,ALG1L,
all_synth,,B3GNT6,
all_synth,,C1GALT1,
all_synth,,CHST3,
all_synth,,B3GLCT,
all_synth,,PIGU,
all_synth,,POMT2,
all_synth,,EXTL2,
all_synth,,PIGN,
all_synth,,CHST10,
all_synth,,GLCE,
all_synth,,TMTC2,
all_synth,,PIGH,
all_synth,,MGAT5,
all_synth,,PIGF,
all_synth,,DSEL,
all_synth,,GALNT16,
all_synth,,DPM3,
all_synth,,ST6GAL1,
all_synth,,B3GAT2,
all_synth,,RFNG,
all_synth,,ST8SIA4,
all_synth,,B3GALNT2,
all_synth,,CASD1,
all_synth,,GALNT12,
all_synth,,GANAB,
all_synth,,PIGO,
all_synth,,LFNG,
all_synth,,ST8SIA6,
all_synth,,PLOD2,
all_synth,,GXYLT2,
all_synth,,TMTC4,
all_synth,,FUT4,
all_synth,,XYLT2,
all_synth,,COLGALT1,
all_synth,,GALNT18,
all_synth,,ST6GAL2,
all_synth,,DPAGT1,
all_synth,,ALG5,
all_synth,,ST6GALNAC5,
all_synth,,PIGG,
all_synth,,GALNT14,
all_synth,,PIGX,
all_synth,,PIGY,
all_synth,,MGAT4A,
all_synth,,POGLUT1,
all_synth,,ALG6,
all_synth,,MGAT2,
all_synth,,POFUT2,
all_synth,,EDEM3,
all_synth,,OGT,
all_synth,,MAN1B1,
all_synth,,B4GALT5,
all_synth,,TMTC1,
all_synth,,POGLUT2,
all_synth,,ALG1,
all_synth,,ST3GAL2,
all_synth,,OGA,
all_synth,,NAGPA,
all_synth,,PIGV,
all_synth,,ALG11,
all_synth,,GCNT4,
all_synth,,ST3GAL5,
all_synth,,GALNT17,
all_synth,,POFUT1,
all_synth,,FUT6,
all_synth,,B3GNT3,
all_synth,,B3GNT4,
all_synth,,CSGALNACT2,
all_synth,,PIGQ,
all_synth,,MANEA,
all_synth,,PIGL,
all_synth,,C1GALT1C1,
all_synth,,ALG2,
all_synth,,EDEM1,
all_synth,,UGGT1,
all_synth,,ST8SIA2,
all_synth,,MOGS,
all_synth,,FUT3,
all_synth,,POMT1,
all_synth,,RXYLT1,
all_synth,,ALG3,
all_synth,,MGAT3,
all_synth,,ST8SIA1,
all_synth,,ST3GAL4,
all_synth,,MAN1C1,
all_synth,,PXYLP1,
all_synth,,DPY19L2,
all_synth,,MPPE1,
all_synth,,GALNT7,
all_synth,,ST3GAL3,
all_synth,,B3GALT5,
all_synth,,UGT8,
all_synth,,TMTC3,
all_synth,,B3GAT1,
all_synth,,MGAT4B,
all_synth,,PIGK,
all_synth,,B3GALNT1,
all_synth,,PIGM,
all_synth,,MGAT4C,
all_synth,,GCNT3,
all_synth,,PIGC,
all_synth,,RPN1,
all_synth,,FUT8,
all_synth,,B4GALT7,
all_synth,,B3GNT8,
all_synth,,PIGZ,
all_synth,,ABO,
all_synth,,ST6GALNAC6,
all_synth,,CSGALNACT1,
all_synth,,PIGP,
all_synth,,PIGB,
all_synth,,CHSY1,
all_synth,,FUT11,
all_synth,,B4GAT1,
all_synth,,DPM2,
all_synth,,ST8SIA3,
all_synth,,STT3A,
all_synth,,ALG12,
all_synth,,STT3B,
all_synth,,ALG1L2,
all_synth,,DPM1,
all_synth,,ALG13,
all_synth,,HAS2,
all_synth,,FUT10,
all_synth,,B4GALNT4,
all_synth,,DPY19L4,
all_synth,,ST6GALNAC3,
all_synth,,FKTN,
all_synth,,COLGALT2,
all_synth,,GALNT3,
all_synth,,PIGT,
all_synth,,RPN2,
all_synth,,CHPF2,
all_synth,,FAM20B,
all_synth,,FUT7,
all_synth,,GXYLT1,
all_synth,,PLOD1,
all_synth,,GALNT4,
all_synth,,POMGNT1,
all_synth,,B3GNT2,
all_synth,,GALNT15,
all_synth,,PIGW,
all_synth,,FKRP,
all_synth,,MFNG,
all_synth,,GALNT2,
all_synth,,MAN2A1,
all_synth,,FUT1,
all_synth,,B4GALNT1,
all_synth,,GALNT9,
all_synth,,PIGS,
all_synth,,B3GALT2,
all_synth,,EXTL1,
all_synth,,MGAT1,
all_synth,,FUT9,
all_synth,,GPAA1,
all_synth,,B3GALT4,
all_synth,,DPY19L1,
all_synth,,GCNT1,
all_synth,,CHPF,
all_synth,,PLOD3,
all_synth,,GALNT10,
all_synth,,GALNT5,
all_synth,,ALG14,
all_synth,,LARGE1,
all_synth,,MGAT5B,
all_synth,,ALG10,
all_synth,,UGGT2,
all_synth,,GALNT11,
all_synth,,CHSY3,
all_synth,,POMGNT2,
all_synth,,GNPTAB,
all_synth,,PGAP4,
all_synth,,POMK,
all_synth,,FUT5,
all_synth,,ST6GALNAC4,
all_synth,,UGCG,
all_synth,,ST3GAL6,
all_synth,,GNPTG,
all_synth,,B3GNT5,
all_synth,,ST6GALNAC1,
all_synth,,CRPPA,
all_synth,,ALG8,
all_synth,,HAS3,
all_synth,,B3GNT7,
all_synth,,A3GALT2,
all_synth,,PIGA,
all_synth,,ST8SIA5,
all_synth,,DSE,
all_synth,,PRKCSH,
all_synth,,ALG9,
all_synth,,EXT1,
all_synth,,ST3GAL1,
all_synth,,A4GALT,
all_synth,,GALNT1,
all_synth,,B4GALT1,
all_synth,,B4GALNT2,
all_synth,,MAN1A1,
all_synth,,ST6GALNAC2,
all_synth,,CHST9,
all_synth,,GALNT13,
all_synth,,CHST8,
all_synth,,B4GALNT3,
all_synth,,EDEM2,
all_synth,,B4GALT4,
all_synth,,B3GALT1,
all_synth,,B4GALT2,
all_synth,,HAS1,
all_synth,,XYLT1,
all_synth,,DPY19L3,
all_synth,,A4GNT,
all_synth,,EXTL3,
all_synth,,FUT2,
all_synth,,POGLUT3,
all_synth,,LARGE2,
all_synth,,GALNT6,
all_synth,,B3GALT6,
capping_synth,,ST6GALNAC2,
capping_synth,,B4GALNT2,
capping_synth,,B4GALNT3,
capping_synth,,B3GALNT2,
capping_synth,,ST8SIA4,
capping_synth,,ST3GAL2,
capping_synth,,CHST10,
capping_synth,,ST8SIA2,
capping_synth,,ST6GAL1,
capping_synth,,FUT3,
capping_synth,,B3GAT2,
capping_synth,,CASD1,
capping_synth,,ST8SIA6,
capping_synth,,FUT4,
capping_synth,,ST6GAL2,
capping_synth,,ST3GAL3,
capping_synth,,ST6GALNAC5,
capping_synth,,B3GAT1,
capping_synth,,ST6GALNAC6,
capping_synth,,ABO,
capping_synth,,ST8SIA3,
capping_synth,,ST3GAL5,
capping_synth,,FUT6,
capping_synth,,FUT10,
capping_synth,,ST8SIA1,
capping_synth,,ST3GAL4,
capping_synth,,FUT1,
capping_synth,,FUT9,
capping_synth,,FUT11,
capping_synth,,FUT5,
capping_synth,,ST6GALNAC4,
capping_synth,,ST6GALNAC3,
capping_synth,,ST6GALNAC1,
capping_synth,,A3GALT2,
capping_synth,,FUT7,
capping_synth,,ST8SIA5,
capping_synth,,CHST9,
capping_synth,,CHST8,
capping_synth,,FUT2,
capping_synth,,ST3GAL6,
capping_synth,,SIAE,
capping_synth,,ST3GAL1,
core_synth,,PIGH,
core_synth,,B3GAT3,
core_synth,,NAGPA,
core_synth,,GALNT16,
core_synth,,RFNG,
core_synth,,HAS1,
core_synth,,PIGS,
core_synth,,PIGG,
core_synth,,GALNT1,
core_synth,,B3GALT4,
core_synth,,TMTC1,
core_synth,,PGAP4,
core_synth,,B3GALNT2,
core_synth,,B4GALT2,
core_synth,,PIGV,
core_synth,,ALG5,
core_synth,,PXYLP1,
core_synth,,POMT1,
core_synth,,MOGS,
core_synth,,PIGY,
core_synth,,C1GALT1C1,
core_synth,,OGA,
core_synth,,LFNG,
core_synth,,DPAGT1,
core_synth,,ALG9,
core_synth,,B3GNT7,
core_synth,,B4GALT1,
core_synth,,RPN2,
core_synth,,B3GNT6,
core_synth,,B4GALT3,
core_synth,,GCNT3,
core_synth,,PIGL,
core_synth,,GXYLT1,
core_synth,,GALNT12,
core_synth,,POMT2,
core_synth,,GALNT7,
core_synth,,GALNT17,
core_synth,,PIGF,
core_synth,,PLOD2,
core_synth,,PIGO,
core_synth,,MGAT4B,
core_synth,,COLGALT2,
core_synth,,XYLT1,
core_synth,,PIGW,
core_synth,,A4GALT,
core_synth,,GALNT8,
core_synth,,UGT8,
core_synth,,STT3B,
core_synth,,TMTC3,
core_synth,,ALG3,
core_synth,,PIGU,
core_synth,,POFUT1,
core_synth,,MAN1C1,
core_synth,,B3GALT5,
core_synth,,ALG1L2,
core_synth,,MPPE1,
core_synth,,ALG2,
core_synth,,ALG10,
core_synth,,B4GALT4,
core_synth,,FUT8,
core_synth,,GALNT11,
core_synth,,MAN2A2,
core_synth,,MFNG,
core_synth,,MGAT5,
core_synth,,GCNT4,
core_synth,,MGAT4A,
core_synth,,B3GALT2,
core_synth,,DPY19L2,
core_synth,,DAD1,
core_synth,,B3GNT5,
core_synth,,DPM3,
core_synth,,FKTN,
core_synth,,B4GALT5,
core_synth,,MAN1A2,
core_synth,,ALG13,
core_synth,,B3GLCT,
core_synth,,B4GALNT1,
core_synth,,PIGK,
core_synth,,UGGT2,
core_synth,,POMK,
core_synth,,GALNT9,
core_synth,,POGLUT2,
core_synth,,B3GNT3,
core_synth,,GALNT4,
core_synth,,PLOD1,
core_synth,,PIGX,
core_synth,,MGAT3,
core_synth,,POFUT2,
core_synth,,PRKCSH,
core_synth,,MGAT1,
core_synth,,ALG6,
core_synth,,UGGT1,
core_synth,,DPM1,
core_synth,,MAN1A1,
core_synth,,ALG14,
core_synth,,GPAA1,
core_synth,,GALNT5,
core_synth,,PIGA,
core_synth,,MGAT5B,
core_synth,,PIGC,
core_synth,,GALNT18,
core_synth,,COLGALT1,
core_synth,,GCNT1,
core_synth,,PIGM,
core_synth,,PIGQ,
core_synth,,POMGNT1,
core_synth,,FAM20B,
core_synth,,ALG1,
core_synth,,B4GALT7,
core_synth,,EDEM3,
core_synth,,MANEA,
core_synth,,GALNT6,
core_synth,,PIGZ,
core_synth,,POGLUT1,
core_synth,,MGAT4C,
core_synth,,ALG12,
core_synth,,EDEM1,
core_synth,,DPM2,
core_synth,,GALNT10,
core_synth,,GALNT3,
core_synth,,CSGALNACT2,
core_synth,,GNPTG,
core_synth,,B3GALNT1,
core_synth,,ALG11,
core_synth,,OGT,
core_synth,,GALNT13,
core_synth,,GNPTAB,
core_synth,,B3GNT2,
core_synth,,HAS3,
core_synth,,GALNT2,
core_synth,,TMTC2,
core_synth,,EXTL3,
core_synth,,B3GALT1,
core_synth,,PIGT,
core_synth,,RXYLT1,
core_synth,,EDEM2,
core_synth,,PIGB,
core_synth,,GANAB,
core_synth,,PIGP,
core_synth,,UGCG,
core_synth,,FKRP,
core_synth,,A4GNT,
core_synth,,PLOD3,
core_synth,,STT3A,
core_synth,,DDOST,
core_synth,,C1GALT1,
core_synth,,XXYLT1,
core_synth,,MAN1B1,
core_synth,,DPY19L4,
core_synth,,ALG10B,
core_synth,,DPY19L1,
core_synth,,MAN2A1,
core_synth,,POGLUT3,
core_synth,,LARGE1,
core_synth,,B4GAT1,
core_synth,,RPN1,
core_synth,,B4GALT6,
core_synth,,PIGN,
core_synth,,GALNT15,
core_synth,,TMTC4,
core_synth,,CSGALNACT1,
core_synth,,DPY19L3,
core_synth,,ALG1L,
core_synth,,CRPPA,
core_synth,,XYLT2,
core_synth,,HAS2,
core_synth,,LARGE2,
core_synth,,GALNT14,
core_synth,,GXYLT2,
core_synth,,ALG8,
core_synth,,MGAT2,
core_synth,,POMGNT2,
core_synth,,B3GALT6,
all_degrad,,GLB1,
all_degrad,,GBA3,
all_degrad,,IDUA,
all_degrad,,ARSK,
all_degrad,,NEU1,
all_degrad,,HPSE2,
all_degrad,,HEXB,
all_degrad,,GALC,
all_degrad,,GANC,
all_degrad,,HYAL2,
all_degrad,,MAN2C1,
all_degrad,,MANBA,
all_degrad,,PGGHG,
all_degrad,,SPAM1,
all_degrad,,MAN2B2,
all_degrad,,FUCA2,
all_degrad,,HPSE,
all_degrad,,GAA,
all_degrad,,ARSG,
all_degrad,,CTBS,
all_degrad,,GLA,
all_degrad,,IDS,
all_degrad,,HYAL4,
all_degrad,,NEU2,
all_degrad,,HEXA,
all_degrad,,HGSNAT,
all_degrad,,SULF2,
all_degrad,,NEU3,
all_degrad,,NAGA,
all_degrad,,GBA2,
all_degrad,,HYAL3,
all_degrad,,GALNS,
all_degrad,,SULF1,
all_degrad,,GNS,
all_degrad,,NAGLU,
all_degrad,,ARSB,
all_degrad,,HYAL1,
all_degrad,,AGA,
all_degrad,,GUSB,
all_degrad,,CEMIP2,
all_degrad,,SGSH,
all_degrad,,FUCA1,
all_degrad,,GBA,
all_degrad,,ENGASE,
all_degrad,,MAN2B1,
all_degrad,,NEU4,
donor_transp,,SLC35D1,
donor_transp,,SLC35B3,
donor_transp,,SLC35C1,
donor_transp,,SLC35D2,
donor_transp,,SLC35A1,
donor_transp,,SLC35B4,
donor_transp,,SLC35A3,
donor_transp,,SLC35B2,
donor_transp,,SLC35A2,
elongBranch_synth,,DSE,
elongBranch_synth,,C1GALT1,
elongBranch_synth,,B3GALT1,
elongBranch_synth,,CHSY3,
elongBranch_synth,,B4GALNT4,
elongBranch_synth,,CHPF2,
elongBranch_synth,,B3GNT2,
elongBranch_synth,,EXT2,
elongBranch_synth,,B3GALT2,
elongBranch_synth,,B4GALT1,
elongBranch_synth,,EXT1,
elongBranch_synth,,B4GALT5,
elongBranch_synth,,CHST9,
elongBranch_synth,,EXTL2,
elongBranch_synth,,CSGALNACT1,
elongBranch_synth,,B3GNT4,
elongBranch_synth,,B4GALT3,
elongBranch_synth,,EXTL1,
elongBranch_synth,,GCNT2,
elongBranch_synth,,B4GALNT3,
elongBranch_synth,,B4GALT4,
elongBranch_synth,,DSEL,
elongBranch_synth,,B4GALT2,
elongBranch_synth,,EXTL3,
elongBranch_synth,,CHPF,
elongBranch_synth,,CHSY1,
elongBranch_synth,,B3GNT7,
elongBranch_synth,,GCNT3,
elongBranch_synth,,B3GNT8,
elongBranch_synth,,GLCE,
elongBranch_synth,,CHST3,
elongBranch_synth,,CHST8,
elongBranch_synth,,CSGALNACT2,
elongBranch_synth,,B3GALNT2,
elongBranch_synth,,C1GALT1C1,
allDonor_synth,,GALK1,
allDonor_synth,,PMM2,
allDonor_synth,,PGM1,
allDonor_synth,,GNE,
allDonor_synth,,UAP1,
allDonor_synth,,NAGK,
allDonor_synth,,GNPDA1,
allDonor_synth,,G6PC1,
allDonor_synth,,CMAS,
allDonor_synth,,DPM1,
allDonor_synth,,UGP2,
allDonor_synth,,GALK2,
allDonor_synth,,GCK,
allDonor_synth,,GMPPB,
allDonor_synth,,PGM2,
allDonor_synth,,GFPT2,
allDonor_synth,,GALT,
allDonor_synth,,GNPNAT1,
allDonor_synth,,GMPPA,
allDonor_synth,,FCSK,
allDonor_synth,,GALE,
allDonor_synth,,HK2,
allDonor_synth,,PGM3,
allDonor_synth,,GMDS,
allDonor_synth,,FPGT,
allDonor_synth,,GFUS,
allDonor_synth,,PAPSS1,
allDonor_synth,,RENBP,
allDonor_synth,,MPI,
allDonor_synth,,UGDH,
allDonor_synth,,GNPDA2,
allDonor_synth,,UXS1,
allDonor_synth,,ALG5,
allDonor_synth,,CRPPA,
allDonor_synth,,DPM2,
allDonor_synth,,DPM3,
allDonor_synth,,GFPT1,
allDonor_synth,,GPI,
allDonor_synth,,HK3,
allDonor_synth,,AMDHD2,
allDonor_synth,,HK1,
allDonor_synth,,PAPSS2,
allDonor_synth,,PMM1,
allDonor_synth,,NANS,
all_modifiers,,HS3ST4,
all_modifiers,,CHST14,
all_modifiers,,GAL3ST3,
all_modifiers,,CHST15,
all_modifiers,,NDST4,
all_modifiers,,CHST4,
all_modifiers,,NDST3,
all_modifiers,,CHST3,
all_modifiers,,CHST7,
all_modifiers,,HS3ST2,
all_modifiers,,NDST2,
all_modifiers,,CHST11,
all_modifiers,,CHST6,
all_modifiers,,TPST2,
all_modifiers,,CHST2,
all_modifiers,,GAL3ST2,
all_modifiers,,GAL3ST1,
all_modifiers,,HS3ST5,
all_modifiers,,CHST12,
all_modifiers,,HS6ST2,
all_modifiers,,CHST5,
all_modifiers,,HS3ST3A1,
all_modifiers,,CHST1,
all_modifiers,,HS3ST1,
all_modifiers,,UST,
all_modifiers,,NDST1,
all_modifiers,,CHST13,
all_modifiers,,HS3ST3B1,
all_modifiers,,HS6ST3,
all_modifiers,,HS6ST1,
all_modifiers,,HS2ST1,
all_modifiers,,HS3ST6,
all_modifiers,,GAL3ST4,
all_modifiers,,TPST1,
all_sulfation,,NDST3,
all_sulfation,,HS3ST3A1,
all_sulfation,,HS6ST3,
all_sulfation,,NDST4,
all_sulfation,,HS3ST1,
all_sulfation,,CHST15,
all_sulfation,,HS3ST4,
all_sulfation,,HS3ST5,
all_sulfation,,CHST14,
all_sulfation,,GAL3ST1,
all_sulfation,,HS3ST6,
all_sulfation,,CHST7,
all_sulfation,,HS3ST2,
all_sulfation,,UST,
all_sulfation,,GAL3ST2,
all_sulfation,,HS3ST3B1,
all_sulfation,,GAL3ST4,
all_sulfation,,CHST4,
all_sulfation,,CHST2,
all_sulfation,,NDST1,
all_sulfation,,CHST12,
all_sulfation,,CHST6,
all_sulfation,,GAL3ST3,
all_sulfation,,NDST2,
all_sulfation,,CHST1,
all_sulfation,,CHST3,
all_sulfation,,HS6ST2,
all_sulfation,,HS6ST1,
all_sulfation,,CHST5,
all_sulfation,,HS2ST1,
all_sulfation,,CHST13,
all_sulfation,,CHST11,
all_transp,,SLC2A4,
all_transp,,SLC35B2,
all_transp,,SLC2A8,
all_transp,,SLC35A1,
all_transp,,SLC2A12,
all_transp,,SLC35C1,
all_transp,,SLC35D1,
all_transp,,SLC35B4,
all_transp,,SLC2A3,
all_transp,,SLC35D2,
all_transp,,SLC35A3,
all_transp,,SLC35A2,
all_transp,,SLC2A10,
all_transp,,SLC2A1,
all_transp,,SLC35B3,
all_transp,,SLC2A2,
all_transp,,SLC2A5,
lyso_target,,NAGPA,
lyso_target,,GNPTG,
lyso_target,,M6PR,
lyso_target,,IGF2R,
lyso_target,,GNPTAB,
glycolipid_core_synth,,B3GALNT1,
glycolipid_core_synth,,PIGC,
glycolipid_core_synth,,PIGU,
glycolipid_core_synth,,PIGB,
glycolipid_core_synth,,DPM2,
glycolipid_core_synth,,PIGW,
glycolipid_core_synth,,B4GALNT1,
glycolipid_core_synth,,B4GALT6,
glycolipid_core_synth,,GPAA1,
glycolipid_core_synth,,PIGN,
glycolipid_core_synth,,B3GALT4,
glycolipid_core_synth,,B3GNT5,
glycolipid_core_synth,,PIGV,
glycolipid_core_synth,,A4GALT,
glycolipid_core_synth,,PIGM,
glycolipid_core_synth,,PIGL,
glycolipid_core_synth,,PIGZ,
glycolipid_core_synth,,PIGP,
glycolipid_core_synth,,MPPE1,
glycolipid_core_synth,,B3GALT5,
glycolipid_core_synth,,PIGT,
glycolipid_core_synth,,PIGK,
glycolipid_core_synth,,PIGS,
glycolipid_core_synth,,PIGH,
glycolipid_core_synth,,PIGF,
glycolipid_core_synth,,PGAP4,
glycolipid_core_synth,,UGCG,
glycolipid_core_synth,,PIGO,
glycolipid_core_synth,,PIGY,
glycolipid_core_synth,,PIGG,
glycolipid_core_synth,,PIGX,
glycolipid_core_synth,,PIGQ,
glycolipid_core_synth,,PIGA,
glycolipid_core_synth,,UGT8,
GAG_core_synth,,HAS3,
GAG_core_synth,,HAS1,
GAG_core_synth,,XYLT2,
GAG_core_synth,,B3GNT7,
GAG_core_synth,,EXTL3,
GAG_core_synth,,XYLT1,
GAG_core_synth,,FAM20B,
GAG_core_synth,,CSGALNACT1,
GAG_core_synth,,B3GAT3,
GAG_core_synth,,B4GALT7,
GAG_core_synth,,B4GALT3,
GAG_core_synth,,HAS2,
GAG_core_synth,,PXYLP1,
GAG_core_synth,,CSGALNACT2,
GAG_core_synth,,B4GALT4,
GAG_core_synth,,B4GALT1,
GAG_core_synth,,B3GNT2,
GAG_core_synth,,B3GALT6,
GAG_degrad,,HEXA,
GAG_degrad,,SGSH,
GAG_degrad,,HYAL2,
GAG_degrad,,ARSK,
GAG_degrad,,ARSG,
GAG_degrad,,IDS,
GAG_degrad,,GUSB,
GAG_degrad,,HEXB,
GAG_degrad,,HYAL4,
GAG_degrad,,GALNS,
GAG_degrad,,IDUA,
GAG_degrad,,NEU3,
GAG_degrad,,GLB1,
GAG_degrad,,HYAL3,
GAG_degrad,,NEU4,
GAG_degrad,,HGSNAT,
GAG_degrad,,HPSE,
GAG_degrad,,HYAL1,
GAG_degrad,,NEU2,
GAG_degrad,,GNS,
GAG_degrad,,NAGLU,
GAG_degrad,,CEMIP2,
GAG_degrad,,ARSB,
GAG_degrad,,SPAM1,
GAG_degrad,,NEU1,
GAG_Lyso_degrad,,HYAL1,
GAG_Lyso_degrad,,NEU1,
GAG_Lyso_degrad,,IDUA,
GAG_Lyso_degrad,,GLB1,
GAG_Lyso_degrad,,IDS,
GAG_Lyso_degrad,,GUSB,
GAG_Lyso_degrad,,GALNS,
GAG_Lyso_degrad,,HEXA,
GAG_Lyso_degrad,,NEU4,
GAG_Lyso_degrad,,ARSK,
GAG_Lyso_degrad,,GNS,
GAG_Lyso_degrad,,HEXB,
GAG_Lyso_degrad,,NEU3,
GAG_Lyso_degrad,,ARSB,
GAG_poly,,EXTL3,
GAG_poly,,EXTL1,
GAG_poly,,EXT1,
GAG_poly,,CHPF,
GAG_poly,,CHSY1,
GAG_poly,,B3GNT7,
GAG_poly,,B4GALT1,
GAG_poly,,CSGALNACT1,
GAG_poly,,CSGALNACT2,
GAG_poly,,EXTL2,
GAG_poly,,GLCE,
GAG_poly,,CHSY3,
GAG_poly,,CHPF2,
GAG_poly,,DSE,
GAG_poly,,B4GALT4,
GAG_poly,,DSEL,
GAG_poly,,B4GALT3,
GAG_poly,,B3GNT2,
GAG_poly,,EXT2,
GAG_sulf,,HS3ST6,
GAG_sulf,,HS3ST1,
GAG_sulf,,CHST7,
GAG_sulf,,HS6ST3,
GAG_sulf,,NDST3,
GAG_sulf,,UST,
GAG_sulf,,HS3ST5,
GAG_sulf,,CHST12,
GAG_sulf,,CHST6,
GAG_sulf,,CHST2,
GAG_sulf,,NDST4,
GAG_sulf,,NDST1,
GAG_sulf,,CHST1,
GAG_sulf,,NDST2,
GAG_sulf,,HS3ST4,
GAG_sulf,,CHST5,
GAG_sulf,,CHST14,
GAG_sulf,,HS3ST2,
GAG_sulf,,CHST3,
GAG_sulf,,HS2ST1,
GAG_sulf,,CHST11,
GAG_sulf,,CHST13,
GAG_sulf,,HS3ST3B1,
GAG_sulf,,HS6ST2,
GAG_sulf,,HS6ST1,
GAG_sulf,,HS3ST3A1,
GAG_sulf,,CHST15,
GSL_core_synth,,B4GALNT1,
GSL_core_synth,,B4GALT6,
GSL_core_synth,,UGT8,
GSL_core_synth,,B3GNT5,
GSL_core_synth,,B3GALT4,
GSL_core_synth,,A4GALT,
GSL_core_synth,,UGCG,
GSL_core_synth,,B3GALT5,
GSL_core_synth,,B3GALNT1,
GSL_degrad,,GLA,
GSL_degrad,,NEU4,
GSL_degrad,,NAGA,
GSL_degrad,,GBA3,
GSL_degrad,,FUCA1,
GSL_degrad,,GBA,
GSL_degrad,,NEU2,
GSL_degrad,,FUCA2,
GSL_degrad,,HEXB,
GSL_degrad,,NEU3,
GSL_degrad,,GBA2,
GSL_degrad,,NEU1,
GSL_degrad,,HEXA,
GSL_degrad,,GLB1,
GSL_degrad,,GALC,
GSL_lyso_degrad,,NEU1,
GSL_lyso_degrad,,NEU3,
GSL_lyso_degrad,,FUCA2,
GSL_lyso_degrad,,GLB1,
GSL_lyso_degrad,,GALC,
GSL_lyso_degrad,,HEXB,
GSL_lyso_degrad,,GLA,
GSL_lyso_degrad,,NEU4,
GSL_lyso_degrad,,NAGA,
GSL_lyso_degrad,,FUCA1,
GSL_lyso_degrad,,HEXA,
all_glycogenes,,GAL3ST3,
all_glycogenes,,STT3A,
all_glycogenes,,PLOD3,
all_glycogenes,,CANX,
all_glycogenes,,HEXA,
all_glycogenes,,SEL1L,
all_glycogenes,,IGF2R,
all_glycogenes,,GALNT3,
all_glycogenes,,CHST11,
all_glycogenes,,DPY19L2,
all_glycogenes,,B3GNT5,
all_glycogenes,,GAL3ST1,
all_glycogenes,,HYAL4,
all_glycogenes,,CSGALNACT2,
all_glycogenes,,RPN2,
all_glycogenes,,CHPF,
all_glycogenes,,M6PR,
all_glycogenes,,PAPSS1,
all_glycogenes,,ST8SIA3,
all_glycogenes,,GCNT3,
all_glycogenes,,PIGL,
all_glycogenes,,GXYLT1,
all_glycogenes,,B4GALNT1,
all_glycogenes,,ST3GAL5,
all_glycogenes,,ABO,
all_glycogenes,,DPY19L4,
all_glycogenes,,UGGT2,
all_glycogenes,,POMK,
all_glycogenes,,UXS1,
all_glycogenes,,DPY19L1,
all_glycogenes,,FUT5,
all_glycogenes,,GPI,
all_glycogenes,,LARGE1,
all_glycogenes,,GALNT17,
all_glycogenes,,B4GAT1,
all_glycogenes,,ALG11,
all_glycogenes,,RPN1,
all_glycogenes,,OGT,
all_glycogenes,,GALNT4,
all_glycogenes,,B3GNT4,
all_glycogenes,,ST3GAL4,
all_glycogenes,,MGAT4B,
all_glycogenes,,FUT1,
all_glycogenes,,DNAJB11,
all_glycogenes,,PGM3,
all_glycogenes,,CRPPA,
all_glycogenes,,UGT8,
all_glycogenes,,SLC35B2,
all_glycogenes,,PRKCSH,
all_glycogenes,,HYAL1,
all_glycogenes,,SLC2A3,
all_glycogenes,,TMTC3,
all_glycogenes,,OS9,
all_glycogenes,,ALG3,
all_glycogenes,,B3GNT2,
all_glycogenes,,SLC35C1,
all_glycogenes,,CHST12,
all_glycogenes,,UGP2,
all_glycogenes,,ST6GALNAC4,
all_glycogenes,,SULF1,
all_glycogenes,,A3GALT2,
all_glycogenes,,UGT2B4,
all_glycogenes,,MAN1C1,
all_glycogenes,,B3GALT5,
all_glycogenes,,ST6GALNAC3,
all_glycogenes,,GBA2,
all_glycogenes,,MAN1A1,
all_glycogenes,,FUT10,
all_glycogenes,,MAN2B2,
all_glycogenes,,CEMIP2,
all_glycogenes,,ALG14,
all_glycogenes,,EXTL1,
all_glycogenes,,MPPE1,
all_glycogenes,,CHST8,
all_glycogenes,,PIGA,
all_glycogenes,,ALG10,
all_glycogenes,,ST6GALNAC1,
all_glycogenes,,HS3ST3B1,
all_glycogenes,,RXYLT1,
all_glycogenes,,HYAL2,
all_glycogenes,,PIGB,
all_glycogenes,,HS3ST6,
all_glycogenes,,NEU1,
all_glycogenes,,GALK1,
all_glycogenes,,ARSG,
all_glycogenes,,POMGNT1,
all_glycogenes,,FAM20B,
all_glycogenes,,FKRP,
all_glycogenes,,SULF2,
all_glycogenes,,SLC2A10,
all_glycogenes,,MFNG,
all_glycogenes,,FUT11,
all_glycogenes,,GALNT1,
all_glycogenes,,PGM1,
all_glycogenes,,GALNT6,
all_glycogenes,,B3GALT2,
all_glycogenes,,SLC35A3,
all_glycogenes,,UGT1A9,
all_glycogenes,,FKTN,
all_glycogenes,,UGT2A1,
all_glycogenes,,GNE,
all_glycogenes,,ALG13,
all_glycogenes,,ERLEC1,
all_glycogenes,,B4GALT2,
all_glycogenes,,PIGK,
all_glycogenes,,GALNT10,
all_glycogenes,,MAN2A1,
all_glycogenes,,UGT2B28,
all_glycogenes,,ST8SIA5,
all_glycogenes,,FUT7,
all_glycogenes,,ST3GAL6,
all_glycogenes,,GALNT9,
all_glycogenes,,FPGT,
all_glycogenes,,GUSB,
all_glycogenes,,SLC35A1,
all_glycogenes,,EXT1,
all_glycogenes,,CHST9,
all_glycogenes,,FUT2,
all_glycogenes,,GALNT15,
all_glycogenes,,PLOD1,
all_glycogenes,,B4GALNT4,
all_glycogenes,,CSGALNACT1,
all_glycogenes,,G6PC1,
all_glycogenes,,NDST1,
all_glycogenes,,HAS2,
all_glycogenes,,HS6ST1,
all_glycogenes,,MGAT1,
all_glycogenes,,DNAJC10,
all_glycogenes,,SLC2A5,
all_glycogenes,,UGT2B10,
all_glycogenes,,ALG8,
all_glycogenes,,ARSB,
all_glycogenes,,DPM1,
all_glycogenes,,NAGA,
all_glycogenes,,GALNT13,
all_glycogenes,,GNPTAB,
all_glycogenes,,DSE,
all_glycogenes,,POMGNT2,
all_glycogenes,,UGT3A1,
all_glycogenes,,SLC2A4,
all_glycogenes,,GPAA1,
all_glycogenes,,CHST1,
all_glycogenes,,SLC35B3,
all_glycogenes,,GALNT5,
all_glycogenes,,CHST15,
all_glycogenes,,GALC,
all_glycogenes,,HAS3,
all_glycogenes,,CHST2,
all_glycogenes,,MGAT5B,
all_glycogenes,,AGA,
all_glycogenes,,HGSNAT,
all_glycogenes,,TMTC2,
all_glycogenes,,CHSY3,
all_glycogenes,,UGT1A1,
all_glycogenes,,B3GALT1,
all_glycogenes,,B4GALT3,
all_glycogenes,,GAL3ST2,
all_glycogenes,,GCNT1,
all_glycogenes,,HAS1,
all_glycogenes,,GFPT2,
all_glycogenes,,ST3GAL1,
all_glycogenes,,PIGS,
all_glycogenes,,IDUA,
all_glycogenes,,B3GALT4,
all_glycogenes,,PLOD2,
all_glycogenes,,UGT2A3,
all_glycogenes,,HS3ST1,
all_glycogenes,,SIAE,
all_glycogenes,,CHST5,
all_glycogenes,,AMDHD2,
all_glycogenes,,ENGASE,
all_glycogenes,,PGAP4,
all_glycogenes,,GALT,
all_glycogenes,,PGGHG,
all_glycogenes,,SLC35D2,
all_glycogenes,,DDOST,
all_glycogenes,,GMPPB,
all_glycogenes,,ST6GALNAC2,
all_glycogenes,,B4GALNT2,
all_glycogenes,,C1GALT1,
all_glycogenes,,HS6ST3,
all_glycogenes,,SLC2A8,
all_glycogenes,,GAL3ST4,
all_glycogenes,,CMAS,
all_glycogenes,,PIGU,
all_glycogenes,,SLC2A2,
all_glycogenes,,HSP90B1,
all_glycogenes,,NEU2,
all_glycogenes,,XXYLT1,
all_glycogenes,,HS6ST2,
all_glycogenes,,NDST4,
all_glycogenes,,GALNS,
all_glycogenes,,ALG10B,
all_glycogenes,,GNPTG,
all_glycogenes,,B4GALT4,
all_glycogenes,,POGLUT3,
all_glycogenes,,HK2,
all_glycogenes,,TPST2,
all_glycogenes,,HS3ST2,
all_glycogenes,,MAN2A2,
all_glycogenes,,EXT2,
all_glycogenes,,B4GALT6,
all_glycogenes,,PIGN,
all_glycogenes,,CTBS,
all_glycogenes,,UGT3A2,
all_glycogenes,,TMTC4,
all_glycogenes,,DPY19L3,
all_glycogenes,,ALG1L,
all_glycogenes,,CHST6,
all_glycogenes,,XYLT2,
all_glycogenes,,HS3ST4,
all_glycogenes,,HK1,
all_glycogenes,,NEU4,
all_glycogenes,,NAGLU,
all_glycogenes,,ALG9,
all_glycogenes,,MGAT5,
all_glycogenes,,GNPDA2,
all_glycogenes,,GCNT4,
all_glycogenes,,B4GALNT3,
all_glycogenes,,HPSE,
all_glycogenes,,EXTL2,
all_glycogenes,,GLA,
all_glycogenes,,CHST3,
all_glycogenes,,HS3ST5,
all_glycogenes,,MGAT4A,
all_glycogenes,,DSEL,
all_glycogenes,,NANS,
all_glycogenes,,DAD1,
all_glycogenes,,ST8SIA4,
all_glycogenes,,DPM3,
all_glycogenes,,B4GALT5,
all_glycogenes,,GXYLT2,
all_glycogenes,,B3GNT7,
all_glycogenes,,SLC35D1,
all_glycogenes,,EXTL3,
all_glycogenes,,GCNT2,
all_glycogenes,,B4GALT1,
all_glycogenes,,MGAT2,
all_glycogenes,,GANC,
all_glycogenes,,GNPNAT1,
all_glycogenes,,B3GNT6,
all_glycogenes,,MAN2B1,
all_glycogenes,,CALR,
all_glycogenes,,B3GLCT,
all_glycogenes,,GALNT12,
all_glycogenes,,CHST14,
all_glycogenes,,POMT2,
all_glycogenes,,PGM2,
all_glycogenes,,HK3,
all_glycogenes,,EDEM2,
all_glycogenes,,B3GAT2,
all_glycogenes,,PIGH,
all_glycogenes,,PIGF,
all_glycogenes,,POGLUT2,
all_glycogenes,,GANAB,
all_glycogenes,,PIGO,
all_glycogenes,,NAGPA,
all_glycogenes,,FCSK,
all_glycogenes,,UGT2B11,
all_glycogenes,,XYLT1,
all_glycogenes,,PMM2,
all_glycogenes,,A4GALT,
all_glycogenes,,A4GNT,
all_glycogenes,,GALNT8,
all_glycogenes,,MGAT3,
all_glycogenes,,HYOU1,
all_glycogenes,,GCK,
all_glycogenes,,UGT1A7,
all_glycogenes,,GMPPA,
all_glycogenes,,PIGG,
all_glycogenes,,ARSK,
all_glycogenes,,UGT1A10,
all_glycogenes,,FUT4,
all_glycogenes,,ALG6,
all_glycogenes,,ST6GAL1,
all_glycogenes,,UGGT1,
all_glycogenes,,CHST13,
all_glycogenes,,TMTC1,
all_glycogenes,,GLCE,
all_glycogenes,,B3GALNT2,
all_glycogenes,,MAN1B1,
all_glycogenes,,NEU3,
all_glycogenes,,NAGK,
all_glycogenes,,FUT3,
all_glycogenes,,GLB1,
all_glycogenes,,GALE,
all_glycogenes,,ALG5,
all_glycogenes,,POMT1,
all_glycogenes,,PIGQ,
all_glycogenes,,GFPT1,
all_glycogenes,,HSPA5,
all_glycogenes,,ST6GALNAC5,
all_glycogenes,,B3GNT8,
all_glycogenes,,HEXB,
all_glycogenes,,UGDH,
all_glycogenes,,C1GALT1C1,
all_glycogenes,,EDEM3,
all_glycogenes,,CHST10,
all_glycogenes,,FUCA1,
all_glycogenes,,MANEA,
all_glycogenes,,POGLUT1,
all_glycogenes,,SLC2A12,
all_glycogenes,,CHSY1,
all_glycogenes,,LARGE2,
all_glycogenes,,GALNT14,
all_glycogenes,,CASD1,
all_glycogenes,,MAN1A2,
all_glycogenes,,OGA,
all_glycogenes,,LFNG,
all_glycogenes,,LMAN2,
all_glycogenes,,SGSH,
all_glycogenes,,DPAGT1,
all_glycogenes,,ST3GAL2,
all_glycogenes,,CHST7,
all_glycogenes,,SLC35A2,
all_glycogenes,,ST8SIA6,
all_glycogenes,,HPSE2,
all_glycogenes,,ST3GAL3,
all_glycogenes,,HS3ST3A1,
all_glycogenes,,PMM1,
all_glycogenes,,PAPSS2,
all_glycogenes,,GAA,
all_glycogenes,,NDST2,
all_glycogenes,,B3GAT3,
all_glycogenes,,GBA,
all_glycogenes,,B3GNT3,
all_glycogenes,,GALNT16,
all_glycogenes,,UGT2B15,
all_glycogenes,,RFNG,
all_glycogenes,,MANBA,
all_glycogenes,,UGT1A6,
all_glycogenes,,PIGX,
all_glycogenes,,MPI,
all_glycogenes,,HS2ST1,
all_glycogenes,,GFUS,
all_glycogenes,,B3GAT1,
all_glycogenes,,GALNT7,
all_glycogenes,,POFUT2,
all_glycogenes,,B3GALNT1,
all_glycogenes,,RENBP,
all_glycogenes,,TPST1,
all_glycogenes,,GALK2,
all_glycogenes,,ST8SIA2,
all_glycogenes,,FUCA2,
all_glycogenes,,MAN2C1,
all_glycogenes,,GNPDA1,
all_glycogenes,,UST,
all_glycogenes,,COLGALT2,
all_glycogenes,,IDS,
all_glycogenes,,CHST4,
all_glycogenes,,UGT2B17,
all_glycogenes,,PIGW,
all_glycogenes,,CHPF2,
all_glycogenes,,FUT6,
all_glycogenes,,GNS,
all_glycogenes,,HYAL3,
all_glycogenes,,STT3B,
all_glycogenes,,SLC2A1,
all_glycogenes,,UAP1,
all_glycogenes,,GALNT2,
all_glycogenes,,SPAM1,
all_glycogenes,,ST8SIA1,
all_glycogenes,,UGT2B7,
all_glycogenes,,PIGV,
all_glycogenes,,UGT2A2,
all_glycogenes,,POFUT1,
all_glycogenes,,PIGC,
all_glycogenes,,GALNT18,
all_glycogenes,,PXYLP1,
all_glycogenes,,SLC35B4,
all_glycogenes,,ALG1L2,
all_glycogenes,,COLGALT1,
all_glycogenes,,MOGS,
all_glycogenes,,PIGM,
all_glycogenes,,PIGY,
all_glycogenes,,ALG2,
all_glycogenes,,ALG1,
all_glycogenes,,PIGT,
all_glycogenes,,FUT8,
all_glycogenes,,B4GALT7,
all_glycogenes,,GBA3,
all_glycogenes,,GMDS,
all_glycogenes,,UGT1A8,
all_glycogenes,,PIGP,
all_glycogenes,,FUT9,
all_glycogenes,,PIGZ,
all_glycogenes,,UGT1A4,
all_glycogenes,,NDST3,
all_glycogenes,,MGAT4C,
all_glycogenes,,ST6GAL2,
all_glycogenes,,GALNT11,
all_glycogenes,,UGCG,
all_glycogenes,,ALG12,
all_glycogenes,,EDEM1,
all_glycogenes,,DPM2,
all_glycogenes,,ST6GALNAC6,
all_glycogenes,,B3GALT6,
GPIanchor_synth,,GPAA1,
GPIanchor_synth,,PIGS,
GPIanchor_synth,,PIGC,
GPIanchor_synth,,PIGV,
GPIanchor_synth,,PIGQ,
GPIanchor_synth,,PIGX,
GPIanchor_synth,,PIGL,
GPIanchor_synth,,DPM2,
GPIanchor_synth,,PIGU,
GPIanchor_synth,,PIGH,
GPIanchor_synth,,MPPE1,
GPIanchor_synth,,PIGK,
GPIanchor_synth,,PIGB,
GPIanchor_synth,,PIGG,
GPIanchor_synth,,PIGA,
GPIanchor_synth,,PIGM,
GPIanchor_synth,,PIGY,
GPIanchor_synth,,PIGZ,
GPIanchor_synth,,B3GALT4,
GPIanchor_synth,,PIGW,
GPIanchor_synth,,PIGT,
GPIanchor_synth,,PIGP,
GPIanchor_synth,,PIGO,
GPIanchor_synth,,PIGF,
GPIanchor_synth,,PGAP4,
GPIanchor_synth,,PIGN,
GDPFuc_synth,,FCSK,
GDPFuc_synth,,FPGT,
GDPFuc_synth,,GMDS,
GDPFuc_synth,,GFUS,
GDPMan_synth,,GCK,
GDPMan_synth,,HK1,
GDPMan_synth,,GMPPA,
GDPMan_synth,,G6PC1,
GDPMan_synth,,HK2,
GDPMan_synth,,GMPPB,
GDPMan_synth,,PMM1,
GDPMan_synth,,MPI,
GDPMan_synth,,PMM2,
GDPMan_synth,,HK3,
GDPMan_transp,,SLC35D2,
HS_Nsulf_synth,,NDST2,
HS_Nsulf_synth,,NDST1,
HS_Nsulf_synth,,NDST3,
HS_Nsulf_synth,,NDST4,
HS_core_synth,,FAM20B,
HS_core_synth,,EXTL3,
HS_core_synth,,XYLT2,
HS_core_synth,,B3GAT3,
HS_core_synth,,B4GALT7,
HS_core_synth,,XYLT1,
HS_core_synth,,B3GALT6,
HS_degrad,,HPSE,
HS_degrad,,HGSNAT,
HS_degrad,,GNS,
HS_degrad,,NAGLU,
HS_degrad,,SGSH,
HS_degrad,,IDS,
HS_degrad,,GUSB,
HS_degrad,,ARSK,
HS_degrad,,ARSG,
HS_degrad,,IDUA,
HS_lyso_degrad,,IDUA,
HS_lyso_degrad,,IDS,
HS_lyso_degrad,,HPSE,
HS_lyso_degrad,,ARSG,
HS_lyso_degrad,,SGSH,
HS_lyso_degrad,,ARSK,
HS_lyso_degrad,,HGSNAT,
HS_lyso_degrad,,GNS,
HS_lyso_degrad,,GUSB,
HS_lyso_degrad,,NAGLU,
HS_poly,,EXTL3,
HS_poly,,EXT2,
HS_poly,,EXTL2,
HS_poly,,EXT1,
HS_poly,,EXTL1,
HS_poly,,GLCE,
HS_sulf,,HS6ST2,
HS_sulf,,HS3ST4,
HS_sulf,,NDST1,
HS_sulf,,HS3ST3B1,
HS_sulf,,HS3ST3A1,
HS_sulf,,HS6ST1,
HS_sulf,,HS2ST1,
HS_sulf,,HS3ST5,
HS_sulf,,HS6ST3,
HS_sulf,,NDST3,
HS_sulf,,NDST4,
HS_sulf,,HS3ST1,
HS_sulf,,HS3ST2,
HS_sulf,,HS3ST6,
HS_sulf,,NDST2,
HNK1_synth,,CHST10,
HNK1_synth,,B3GAT1,
HNK1_synth,,B3GAT2,
HA_synth,,HAS2,
HA_synth,,HAS1,
HA_synth,,HAS3,
HA_degrad,,HYAL1,
HA_degrad,,HYAL4,
HA_degrad,,HYAL3,
HA_degrad,,SPAM1,
HA_degrad,,CEMIP2,
HA_degrad,,HYAL2,
HA_extracell_degrad,,HYAL4,
HA_extracell_degrad,,HYAL3,
HA_extracell_degrad,,CEMIP2,
HA_extracell_degrad,,HYAL2,
HA_extracell_degrad,,SPAM1,
KS_degrad,,GNS,
KS_degrad,,HEXB,
KS_degrad,,NEU3,
KS_degrad,,GLB1,
KS_degrad,,GALNS,
KS_degrad,,NEU4,
KS_degrad,,HEXA,
KS_degrad,,NEU2,
KS_degrad,,NEU1,
KS_lyso_degrad,,GALNS,
KS_lyso_degrad,,GNS,
KS_lyso_degrad,,NEU3,
KS_lyso_degrad,,HEXA,
KS_lyso_degrad,,GLB1,
KS_lyso_degrad,,HEXB,
KS_lyso_degrad,,NEU1,
KS_lyso_degrad,,NEU4,
KS_poly,,B3GNT7,
KS_poly,,B4GALT4,
KS_poly,,B4GALT1,
KS_poly,,B4GALT3,
KS_poly,,B3GNT2,
KS_sulf,,CHST1,
KS_sulf,,CHST2,
KS_sulf,,CHST6,
KS_sulf,,CHST3,
KS_sulf,,CHST5,
lacto_core_synth,,UGCG,
lacto_core_synth,,B3GNT5,
lacto_core_synth,,B3GALT5,
lacto_core_synth,,B4GALT6,
all_lyso_degrad,,MAN2B1,
all_lyso_degrad,,SGSH,
all_lyso_degrad,,MAN2B2,
all_lyso_degrad,,HYAL1,
all_lyso_degrad,,HPSE,
all_lyso_degrad,,GLB1,
all_lyso_degrad,,NEU1,
all_lyso_degrad,,FUCA1,
all_lyso_degrad,,HEXA,
all_lyso_degrad,,NEU4,
all_lyso_degrad,,GUSB,
all_lyso_degrad,,GALNS,
all_lyso_degrad,,GLA,
all_lyso_degrad,,MANBA,
all_lyso_degrad,,IDUA,
all_lyso_degrad,,CTBS,
all_lyso_degrad,,GALC,
all_lyso_degrad,,HGSNAT,
all_lyso_degrad,,ARSB,
all_lyso_degrad,,IDS,
all_lyso_degrad,,GNS,
all_lyso_degrad,,AGA,
all_lyso_degrad,,NAGLU,
all_lyso_degrad,,ARSK,
all_lyso_degrad,,NAGA,
all_lyso_degrad,,HEXB,
all_lyso_degrad,,NEU3,
all_lyso_degrad,,ARSG,
all_lyso_degrad,,FUCA2,
mod_transp,,SLC35B3,
mod_transp,,SLC35B2,
mono_transp,,SLC2A5,
mono_transp,,SLC2A4,
mono_transp,,SLC2A8,
mono_transp,,SLC2A2,
mono_transp,,SLC2A3,
mono_transp,,SLC2A10,
mono_transp,,SLC2A1,
mono_transp,,SLC2A12,
mod_synth,,PAPSS2,
mod_synth,,PAPSS1,
Sia_mod,,CASD1,
Sia_mod,,SIAE,
Ngly_trim,,MAN2A2,
Ngly_trim,,UGGT2,
Ngly_trim,,MAN1A2,
Ngly_trim,,GANAB,
Ngly_trim,,UGGT1,
Ngly_trim,,MOGS,
Ngly_trim,,MANEA,
Ngly_trim,,EDEM2,
Ngly_trim,,MAN1B1,
Ngly_trim,,PRKCSH,
Ngly_trim,,EDEM3,
Ngly_trim,,MAN1A1,
Ngly_trim,,MAN2A1,
Ngly_trim,,EDEM1,
Ngly_trim,,MAN1C1,
Ngly_branch,,MGAT4A,
Ngly_branch,,MGAT3,
Ngly_branch,,MGAT2,
Ngly_branch,,MGAT5,
Ngly_branch,,MGAT5B,
Ngly_branch,,MGAT4B,
Ngly_branch,,FUT8,
Ngly_branch,,MGAT1,
Ngly_branch,,MGAT4C,
Ngly_synth,,STT3A,
Ngly_synth,,STT3B,
Ngly_synth,,ALG13,
Ngly_synth,,ALG12,
Ngly_synth,,RPN2,
Ngly_synth,,FUT8,
Ngly_synth,,DPM2,
Ngly_synth,,ALG1L2,
Ngly_synth,,DPM1,
Ngly_synth,,MAN2A1,
Ngly_synth,,ALG10,
Ngly_synth,,B3GALT2,
Ngly_synth,,GNPTG,
Ngly_synth,,MGAT1,
Ngly_synth,,MGAT5B,
Ngly_synth,,ALG14,
Ngly_synth,,UGGT2,
Ngly_synth,,PRKCSH,
Ngly_synth,,GNPTAB,
Ngly_synth,,B4GALT1,
Ngly_synth,,ALG8,
Ngly_synth,,MAN1A1,
Ngly_synth,,B4GALT4,
Ngly_synth,,B3GALT1,
Ngly_synth,,EDEM2,
Ngly_synth,,ALG9,
Ngly_synth,,MAN2A2,
Ngly_synth,,B4GALT3,
Ngly_synth,,B4GALT2,
Ngly_synth,,DDOST,
Ngly_synth,,DAD1,
Ngly_synth,,ALG10B,
Ngly_synth,,MAN1A2,
Ngly_synth,,DPM3,
Ngly_synth,,ALG1L,
Ngly_synth,,DPAGT1,
Ngly_synth,,ALG5,
Ngly_synth,,MGAT5,
Ngly_synth,,GANAB,
Ngly_synth,,MGAT2,
Ngly_synth,,EDEM3,
Ngly_synth,,ALG1,
Ngly_synth,,B4GALT5,
Ngly_synth,,ALG11,
Ngly_synth,,MGAT4A,
Ngly_synth,,MAN1B1,
Ngly_synth,,UGGT1,
Ngly_synth,,MOGS,
Ngly_synth,,ALG6,
Ngly_synth,,ALG3,
Ngly_synth,,NAGPA,
Ngly_synth,,MGAT4B,
Ngly_synth,,EDEM1,
Ngly_synth,,MANEA,
Ngly_synth,,ALG2,
Ngly_synth,,MGAT4C,
Ngly_synth,,RPN1,
Ngly_synth,,MAN1C1,
Ngly_synth,,MGAT3,
Ngly_degrad,,HEXA,
Ngly_degrad,,NEU2,
Ngly_degrad,,MAN2B2,
Ngly_degrad,,NEU3,
Ngly_degrad,,NEU4,
Ngly_degrad,,MAN2B1,
Ngly_degrad,,FUCA1,
Ngly_degrad,,ENGASE,
Ngly_degrad,,GLB1,
Ngly_degrad,,NEU1,
Ngly_degrad,,FUCA2,
Ngly_degrad,,MAN2C1,
Ngly_degrad,,AGA,
Ngly_degrad,,HEXB,
Ngly_degrad,,MANBA,
Ngly_degrad,,CTBS,
Nglyc_lyso_degrad,,HEXB,
Nglyc_lyso_degrad,,FUCA2,
Nglyc_lyso_degrad,,FUCA1,
Nglyc_lyso_degrad,,NEU4,
Nglyc_lyso_degrad,,MAN2B1,
Nglyc_lyso_degrad,,MAN2B2,
Nglyc_lyso_degrad,,NEU1,
Nglyc_lyso_degrad,,HEXA,
Nglyc_lyso_degrad,,NEU3,
Nglyc_lyso_degrad,,MANBA,
Nglyc_lyso_degrad,,CTBS,
Nglyc_lyso_degrad,,AGA,
Nglyc_lyso_degrad,,GLB1,
neoLacto_core_synth,,UGCG,
neoLacto_core_synth,,B4GALT6,
neoLacto_core_synth,,B3GNT5,
donor_synth,,GMPPB,
donor_synth,,FPGT,
donor_synth,,GCK,
donor_synth,,PGM2,
donor_synth,,MPI,
donor_synth,,GMPPA,
donor_synth,,CRPPA,
donor_synth,,GALE,
donor_synth,,GPI,
donor_synth,,UGDH,
donor_synth,,PMM1,
donor_synth,,NANS,
donor_synth,,DPM2,
donor_synth,,GFUS,
donor_synth,,PMM2,
donor_synth,,GNE,
donor_synth,,UAP1,
donor_synth,,HK1,
donor_synth,,AMDHD2,
donor_synth,,NAGK,
donor_synth,,GNPDA1,
donor_synth,,DPM1,
donor_synth,,UXS1,
donor_synth,,HK2,
donor_synth,,GFPT1,
donor_synth,,GALK1,
donor_synth,,PGM3,
donor_synth,,HK3,
donor_synth,,GNPDA2,
donor_synth,,ALG5,
donor_synth,,DPM3,
donor_synth,,GFPT2,
donor_synth,,PGM1,
donor_synth,,G6PC1,
donor_synth,,GALK2,
donor_synth,,CMAS,
donor_synth,,RENBP,
donor_synth,,UGP2,
donor_synth,,GALT,
donor_synth,,GNPNAT1,
donor_synth,,GMDS,
donor_synth,,FCSK,
Ofuc_synth,,POFUT2,
Ofuc_synth,,B3GLCT,
Ofuc_synth,,RFNG,
Ofuc_synth,,LFNG,
Ofuc_synth,,B4GALT1,
Ofuc_synth,,POFUT1,
Ofuc_synth,,MFNG,
Oglc_synth,,POGLUT1,
Oglc_synth,,POGLUT3,
Oglc_synth,,XXYLT1,
Oglc_synth,,GXYLT2,
Oglc_synth,,POGLUT2,
Oglc_synth,,GXYLT1,
Ogly_synth,,GALNT1,
Ogly_synth,,C1GALT1C1,
Ogly_synth,,XXYLT1,
Ogly_synth,,POGLUT1,
Ogly_synth,,GALNT7,
Ogly_synth,,GALNT5,
Ogly_synth,,GALNT16,
Ogly_synth,,GALNT13,
Ogly_synth,,GCNT4,
Ogly_synth,,POFUT2,
Ogly_synth,,GALNT6,
Ogly_synth,,POMT2,
Ogly_synth,,OGT,
Ogly_synth,,PLOD2,
Ogly_synth,,TMTC4,
Ogly_synth,,GALNT10,
Ogly_synth,,LFNG,
Ogly_synth,,POGLUT3,
Ogly_synth,,GALNT3,
Ogly_synth,,GALNT11,
Ogly_synth,,GALNT15,
Ogly_synth,,DPM2,
Ogly_synth,,RFNG,
Ogly_synth,,GALNT2,
Ogly_synth,,GALNT18,
Ogly_synth,,B3GALT2,
Ogly_synth,,B4GALT4,
Ogly_synth,,POGLUT2,
Ogly_synth,,C1GALT1,
Ogly_synth,,B3GALNT2,
Ogly_synth,,FKRP,
Ogly_synth,,PLOD3,
Ogly_synth,,A4GNT,
Ogly_synth,,CRPPA,
Ogly_synth,,GCNT3,
Ogly_synth,,GXYLT1,
Ogly_synth,,POMGNT2,
Ogly_synth,,GALNT9,
Ogly_synth,,GALNT4,
Ogly_synth,,MFNG,
Ogly_synth,,B4GALT1,
Ogly_synth,,POFUT1,
Ogly_synth,,GXYLT2,
Ogly_synth,,DPM1,
Ogly_synth,,GALNT17,
Ogly_synth,,B3GNT3,
Ogly_synth,,GALNT8,
Ogly_synth,,OGA,
Ogly_synth,,TMTC3,
Ogly_synth,,POMT1,
Ogly_synth,,GCNT1,
Ogly_synth,,B3GNT6,
Ogly_synth,,POMGNT1,
Ogly_synth,,B4GALT3,
Ogly_synth,,GALNT12,
Ogly_synth,,LARGE1,
Ogly_synth,,B4GALT2,
Ogly_synth,,FKTN,
Ogly_synth,,DPM3,
Ogly_synth,,B3GALT1,
Ogly_synth,,B3GLCT,
Ogly_synth,,COLGALT2,
Ogly_synth,,PLOD1,
Ogly_synth,,COLGALT1,
Ogly_synth,,GALNT14,
Ogly_synth,,TMTC1,
Ogly_synth,,RXYLT1,
Ogly_synth,,POMK,
Ogly_synth,,B4GAT1,
Ogly_synth,,MGAT5B,
Ogly_synth,,B3GALT5,
Ogly_synth,,TMTC2,
Ogly_synth,,B4GALT5,
Ogly_synth,,LARGE2,
Ogly_degrad,,NEU2,
Ogly_degrad,,HEXA,
Ogly_degrad,,NEU3,
Ogly_degrad,,NEU4,
Ogly_degrad,,NAGA,
Ogly_degrad,,NEU1,
Ogly_degrad,,FUCA1,
Ogly_degrad,,GLB1,
Ogly_degrad,,FUCA2,
Ogly_degrad,,HEXB,
Ogly_lyso_degrad,,NEU3,
Ogly_lyso_degrad,,NEU4,
Ogly_lyso_degrad,,NEU1,
Ogly_lyso_degrad,,FUCA1,
Ogly_lyso_degrad,,HEXA,
Ogly_lyso_degrad,,GLB1,
Ogly_lyso_degrad,,HEXB,
Ogly_lyso_degrad,,NAGA,
Ogly_lyso_degrad,,FUCA2,
Ogly_sulf,,CHST4,
Ogly_sulf,,GAL3ST4,
Ogly_sulf,,GAL3ST2,
Ogly_sulf,,CHST2,
Ogly_sulf,,CHST1,
Ogly_sulf,,CHST6,
Ogly_sulf,,CHST5,
Ogly_sulf,,GAL3ST3,
OGalNAc_synth,,B4GALT4,
OGalNAc_synth,,GALNT5,
OGalNAc_synth,,B4GALT1,
OGalNAc_synth,,B3GALT5,
OGalNAc_synth,,GALNT3,
OGalNAc_synth,,GALNT15,
OGalNAc_synth,,GALNT9,
OGalNAc_synth,,GALNT17,
OGalNAc_synth,,C1GALT1C1,
OGalNAc_synth,,B4GALT3,
OGalNAc_synth,,GALNT2,
OGalNAc_synth,,A4GNT,
OGalNAc_synth,,GALNT14,
OGalNAc_synth,,B3GNT3,
OGalNAc_synth,,GALNT8,
OGalNAc_synth,,C1GALT1,
OGalNAc_synth,,GALNT1,
OGalNAc_synth,,GALNT12,
OGalNAc_synth,,GALNT7,
OGalNAc_synth,,B4GALT5,
OGalNAc_synth,,GALNT18,
OGalNAc_synth,,GALNT13,
OGalNAc_synth,,GALNT6,
OGalNAc_synth,,GCNT1,
OGalNAc_synth,,B4GALT2,
OGalNAc_synth,,B3GALT1,
OGalNAc_synth,,GALNT11,
OGalNAc_synth,,GALNT10,
OGalNAc_synth,,GCNT3,
OGalNAc_synth,,GALNT16,
OGalNAc_synth,,B3GNT6,
OGalNAc_synth,,B3GALT2,
OGalNAc_synth,,GALNT4,
OGalNAc_synth,,GCNT4,
OGalNAc_core,,C1GALT1,
OGalNAc_core,,C1GALT1C1,
OGalNAc_core,,A4GNT,
OGalNAc_core,,GCNT1,
OGalNAc_core,,GCNT3,
OGalNAc_core,,GCNT4,
OGalNAc_core,,B3GNT3,
OGalNAc_core,,B3GALT5,
OGalNAc_core,,B3GNT6,
OGlcNAc_synth,,OGA,
OGlcNAc_synth,,OGT,
PAPS_synth,,PAPSS1,
PAPS_synth,,PAPSS2,
PAPS_transp,,SLC35B3,
PAPS_transp,,SLC35B2,
TyrP_synth,,TPST1,
TyrP_synth,,TPST2,
Fuc_synth,,FUT7,
Fuc_synth,,ABO,
Fuc_synth,,FUT10,
Fuc_synth,,FUT5,
Fuc_synth,,FUT1,
Fuc_synth,,FUT11,
Fuc_synth,,FUT2,
Fuc_synth,,FUT4,
Fuc_synth,,FUT6,
Fuc_synth,,FUT9,
Fuc_synth,,FUT3,
GalST_synth,,GAL3ST2,
GalST_synth,,GAL3ST1,
GalST_synth,,GAL3ST3,
GalST_synth,,GAL3ST4,
Sia_synth,,ST6GAL1,
Sia_synth,,ST6GALNAC3,
Sia_synth,,ST6GALNAC5,
Sia_synth,,ST3GAL3,
Sia_synth,,ST3GAL2,
Sia_synth,,ST8SIA6,
Sia_synth,,ST6GALNAC2,
Sia_synth,,ST8SIA2,
Sia_synth,,ST8SIA1,
Sia_synth,,ST8SIA3,
Sia_synth,,ST3GAL5,
Sia_synth,,ST3GAL4,
Sia_synth,,ST6GALNAC4,
Sia_synth,,ST6GALNAC1,
Sia_synth,,ST8SIA4,
Sia_synth,,ST3GAL6,
Sia_synth,,ST8SIA5,
Sia_synth,,ST6GAL2,
Sia_synth,,ST6GALNAC6,
Sia_synth,,ST3GAL1,
Sia_ganglio_synth,,ST6GALNAC5,
Sia_ganglio_synth,,ST8SIA3,
Sia_ganglio_synth,,ST3GAL5,
Sia_ganglio_synth,,ST8SIA1,
Sia_ganglio_synth,,ST6GALNAC4,
Sia_ganglio_synth,,ST8SIA5,
Sia_ganglio_synth,,ST3GAL2,
Sia_ganglio_synth,,ST6GALNAC6,
Sia_ganglio_synth,,ST6GALNAC3,
Sia_Ngly_synth,,ST8SIA4,
Sia_Ngly_synth,,ST3GAL6,
Sia_Ngly_synth,,ST3GAL4,
Sia_Ngly_synth,,ST3GAL3,
Sia_Ngly_synth,,ST8SIA3,
Sia_Ngly_synth,,ST6GAL2,
Sia_Ngly_synth,,ST6GAL1,
Sia_Ngly_synth,,ST8SIA2,
Sia_OFuc_synth,,ST6GAL2,
Sia_OFuc_synth,,ST6GAL1,
Sia_Ogly_synth,,ST6GAL1,
Sia_Ogly_synth,,ST3GAL3,
Sia_Ogly_synth,,ST3GAL6,
Sia_Ogly_synth,,ST8SIA2,
Sia_Ogly_synth,,ST8SIA4,
Sia_Ogly_synth,,ST6GALNAC4,
Sia_Ogly_synth,,ST6GALNAC3,
Sia_Ogly_synth,,ST6GALNAC1,
Sia_Ogly_synth,,ST3GAL4,
Sia_Ogly_synth,,ST8SIA6,
Sia_Ogly_synth,,ST6GAL2,
Sia_Ogly_synth,,ST3GAL1,
Sia_Ogly_synth,,ST6GALNAC2,
LacNAcI_synth,,B3GALT2,
LacNAcI_synth,,B3GALT1,
LacNAcII_synth,,B3GNT8,
LacNAcII_synth,,B4GALT4,
LacNAcII_synth,,B3GNT4,
LacNAcII_synth,,B4GALT5,
LacNAcII_synth,,B3GNT2,
LacNAcII_synth,,B4GALT3,
LacNAcII_synth,,B3GNT7,
LacNAcII_synth,,B4GALT2,
LacNAcII_synth,,CHST3,
LacNAcII_synth,,B4GALT1,
LacNAcIII_synth,,C1GALT1C1,
LacNAcIII_synth,,C1GALT1,
UDPGal_synth,,GALT,
UDPGal_synth,,GALK1,
UDPGal_synth,,GALE,
UDPGlc_synth,,HK3,
UDPGlc_synth,,PGM1,
UDPGlc_synth,,HK2,
UDPGlc_synth,,GCK,
UDPGlc_synth,,UGP2,
UDPGlc_synth,,GPI,
UDPGlc_synth,,GALE,
UDPGlc_synth,,G6PC1,
UDPGlc_synth,,HK1,
UDPGlc_synth,,PGM2,
UDPGlcA_synth,,UGDH,
UDPGlcA_transp,,SLC35D1,
UDPGalNAc_synth,,GALK2,
UDPGalNAc_synth,,GALE,
UDPGalNAc_synth,,UAP1,
UDPGalNAc_transp,,SLC35D1,
UDPGlcNAc_synth,,GALE,
UDPGlcNAc_synth,,AMDHD2,
UDPGlcNAc_synth,,PGM3,
UDPGlcNAc_synth,,UAP1,
UDPGlcNAc_synth,,GNPNAT1,
UDPGlcNAc_synth,,NAGK,
UDPGlcNAc_synth,,GNPDA2,
UDPGlcNAc_synth,,GFPT2,
UDPGlcNAc_synth,,GFPT1,
UDPGlcNAc_synth,,GNPDA1,
UDPXyl_synth,,UXS1,
Glycuron_degrad,,UGT1A1,
Glycuron_degrad,,UGT2A2,
Glycuron_degrad,,UGT2B10,
Glycuron_degrad,,UGT2B15,
Glycuron_degrad,,UGT2B4,
Glycuron_degrad,,UGT2B11,
Glycuron_degrad,,UGT2B7,
Glycuron_degrad,,UGT2B17,
Glycuron_degrad,,UGT1A9,
Glycuron_degrad,,UGT3A1,
Glycuron_degrad,,UGT1A10,
Glycuron_degrad,,UGT2A1,
Glycuron_degrad,,UGT1A4,
Glycuron_degrad,,UGT2A3,
Glycuron_degrad,,UGT1A7,
Glycuron_degrad,,UGT1A6,
Glycuron_degrad,,UGT1A8,
Glycuron_degrad,,UGT2B28,
Glycuron_degrad,,UGT3A2,
SLeX,,FUT7,
SLeX,,ST3GAL4,
SLeX,,C1GALT1,
SLeX,,C1GALT1C1,
SLeX,,GCNT1,